Category,Category_Prefix
tupperware,01541_tupperware
loom,00837_loom
margarita,00863_margarita
leotard,00811_leotard
mast,00870_mast
beet,00103_beet
napkin,00931_napkin
nail_polish,00930_nail_polish
drawer,00452_drawer
paintbrush,00971_paintbrush
twig,01551_twig
marmalade,00865_marmalade
souffle,01330_souffle
combination_lock,00342_combination_lock
badger,00051_badger
rope,01181_rope
hairnet,00647_hairnet
chandelier,00270_chandelier
battery,00087_battery
gyro,00641_gyro
tack,01434_tack
ashtray,00040_ashtray
envelope,00487_envelope
sheath,01251_sheath
bird,00115_bird
potpie,01093_potpie
barnacle,00071_barnacle
flan,00534_flan
whiteboard,01617_whiteboard
emerald,00484_emerald
ready_meal,01145_ready_meal
tie,01476_tie
ice-cream_cone,00721_ice-cream_cone
faucet,00500_faucet
drumstick,00457_drumstick
airboat,00009_airboat
sifter,01281_sifter
hood,00697_hood
alligator,00012_alligator
toy,01508_toy
weed,01608_weed
headrest,00675_headrest
branch,00172_branch
kilt,00770_kilt
ice_cream,00722_ice_cream
brush,00183_brush
rim,01163_rim
ribbon,01159_ribbon
clothesline,00319_clothesline
mailbox,00851_mailbox
dogfood,00433_dogfood
olive,00954_olive
burner,00198_burner
hedge,00680_hedge
violin,01574_violin
punch1,01111_punch1
hay,00669_hay
eye,00492_eye
trampoline,01515_trampoline
chips,00295_chips
duster,00467_duster
sewing_kit,01244_sewing_kit
neck,00934_neck
snowmobile,01316_snowmobile
dirt_bike,00425_dirt_bike
safety_pin,01192_safety_pin
notebook,00944_notebook
pitcher,01054_pitcher
garbage_truck,00576_garbage_truck
scuba,01233_scuba
bone,00144_bone
tuxedo,01549_tuxedo
pea,00999_pea
hourglass,00712_hourglass
face,00497_face
hopscotch,00701_hopscotch
crouton,00389_crouton
spider,01344_spider
button1,00203_button1
tree,01521_tree
tarp,01449_tarp
torpedo,01498_torpedo
lifesaver,00817_lifesaver
domino,00440_domino
octopus,00950_octopus
thorn,01470_thorn
doorhandle,00445_doorhandle
sloth,01304_sloth
spool,01349_spool
kangaroo,00761_kangaroo
cigarette_butt,00304_cigarette_butt
balloon,00057_balloon
diaper,00422_diaper
firetruck,00522_firetruck
blimp,00125_blimp
guardrail,00631_guardrail
rifle,01162_rifle
spider_web,01345_spider_web
limousine,00822_limousine
gas_mask,00579_gas_mask
flashbulb,00535_flashbulb
mousse,00914_mousse
hot-water_bottle,00707_hot-water_bottle
flour,00543_flour
canvas,00235_canvas
french_fries,00563_french_fries
silverware,01283_silverware
calculator,00212_calculator
xylophone,01644_xylophone
antenna,00026_antenna
amplifier,00020_amplifier
incense,00728_incense
ring,01164_ring
rack1,01123_rack1
wrapping_paper,01639_wrapping_paper
doll,00436_doll
carousel,00246_carousel
towel,01506_towel
shawl,01249_shawl
hot-air_balloon,00706_hot-air_balloon
diving_board,00431_diving_board
camera2,00219_camera2
patch,00996_patch
jetski,00748_jetski
sledgehammer,01297_sledgehammer
leopard,00810_leopard
saucer,01208_saucer
eclair,00476_eclair
hoe,00690_hoe
cross,00387_cross
cereal,00263_cereal
orange_rind,00955_orange_rind
cape,00237_cape
brooch,00180_brooch
stirrup,01386_stirrup
flute,00545_flute
tortilla,01501_tortilla
hotdog,00710_hotdog
teddy_bear,01456_teddy_bear
bumper,00194_bumper
shower_curtain,01273_shower_curtain
pedal,01006_pedal
lumber,00840_lumber
sprouts,01354_sprouts
coffee,00331_coffee
tackle,01435_tackle
odometer,00951_odometer
plaster_cast,01059_plaster_cast
steak,01373_steak
pants,00980_pants
panda,00978_panda
figurine,00508_figurine
praying_mantis,01097_praying_mantis
lectern,00801_lectern
puck,01103_puck
coffee_table,00334_coffee_table
checkers,00275_checkers
satellite_dish,01206_satellite_dish
stereo,01378_stereo
mascara,00867_mascara
money,00900_money
chalkboard,00268_chalkboard
eggnog,00479_eggnog
bell,00105_bell
marker,00864_marker
christmas_card,00299_christmas_card
calf2,00214_calf2
pot,01089_pot
terrarium,01464_terrarium
fox,00561_fox
vegetable,01564_vegetable
beaker,00091_beaker
crystal_ball,00396_crystal_ball
razor,01143_razor
keg,00765_keg
pipe1,01050_pipe1
hook1,00698_hook1
shoe,01261_shoe
step_stool,01377_step_stool
hairspray,00649_hairspray
clam,00308_clam
sweater,01417_sweater
piggy_bank,01037_piggy_bank
pennant,01018_pennant
clothes,00318_clothes
retainer,01155_retainer
baton1,00084_baton1
binoculars,00114_binoculars
pumpkin,01110_pumpkin
bee,00100_bee
pantyhose,00982_pantyhose
chicken_wire,00285_chicken_wire
jigsaw_puzzle,00751_jigsaw_puzzle
roll,01173_roll
wing,01629_wing
cream_cheese,00385_cream_cheese
bull,00190_bull
wallet,01584_wallet
record_player,01149_record_player
headlamp,00672_headlamp
tostada,01502_tostada
record,01148_record
staple,01367_staple
kaleidoscope,00760_kaleidoscope
polo_shirt,01078_polo_shirt
nose,00943_nose
filing_cabinet,00511_filing_cabinet
kayak,00762_kayak
water_fountain,01596_water_fountain
roulette_wheel,01184_roulette_wheel
dishwashing_liquid,00429_dishwashing_liquid
waterwheel,01600_waterwheel
chicken2,00284_chicken2
marble,00862_marble
paper_bag,00985_paper_bag
yak,01646_yak
rudder,01188_rudder
raincoat,01133_raincoat
goldfish,00606_goldfish
swing_set,01424_swing_set
gold,00605_gold
kebab,00764_kebab
light_switch,00818_light_switch
chainsaw,00264_chainsaw
peacock,01001_peacock
paint,00970_paint
chickpea,00286_chickpea
apple_tree,00030_apple_tree
rubber_band,01186_rubber_band
underwear,01556_underwear
blazer,00123_blazer
float,00541_float
skeleton,01287_skeleton
corsage,00367_corsage
tadpole,01437_tadpole
gate,00581_gate
cranberry,00378_cranberry
timer,01479_timer
sea_urchin,01234_sea_urchin
stomach,01388_stomach
shoe_polish,01262_shoe_polish
gutter,00640_gutter
turban,01542_turban
fish,00526_fish
barrel,00072_barrel
skunk,01296_skunk
fan,00498_fan
skin,01293_skin
flashlight,00536_flashlight
grain,00611_grain
waffle_iron,01579_waffle_iron
saddle,01191_saddle
bunkbed,00196_bunkbed
mole,00899_mole
flipper,00540_flipper
lime,00821_lime
crayfish,00382_crayfish
shaving_cream,01248_shaving_cream
punching_bag,01112_punching_bag
dress,00453_dress
sushi,01413_sushi
belt_buckle,00108_belt_buckle
gift,00591_gift
thumb,01473_thumb
locker,00832_locker
zipper,01653_zipper
cake,00210_cake
wafer,01577_wafer
mustache,00924_mustache
school_bus,01220_school_bus
tripod,01527_tripod
tooth,01493_tooth
grapefruit,00616_grapefruit
fire,00516_fire
chariot,00273_chariot
meerkat,00880_meerkat
caviar,00256_caviar
koala,00781_koala
ivy,00736_ivy
lingerie,00823_lingerie
gauge,00582_gauge
mushroom,00923_mushroom
bedpost,00099_bedpost
doorknob,00446_doorknob
hinge,00685_hinge
snail,01309_snail
axe,00044_axe
waffle,01578_waffle
easter_egg,00475_easter_egg
crutch,00393_crutch
dishrag,00427_dishrag
cornbread,00363_cornbread
wind_chimes,01621_wind_chimes
cash_machine,00249_cash_machine
mouth,00915_mouth
vulture,01576_vulture
wolf,01632_wolf
lollipop,00836_lollipop
treasure,01520_treasure
knot,00780_knot
dolly,00438_dolly
porthole,01087_porthole
camera1,00218_camera1
laptop,00791_laptop
bacon,00049_bacon
car,00238_car
parrot,00992_parrot
shortbread,01267_shortbread
fireworks,00524_fireworks
videogame,01572_videogame
hatchet,00667_hatchet
quiche,01117_quiche
flag,00531_flag
blackberry,00121_blackberry
shell2,01256_shell2
harp,00663_harp
breadstick,00174_breadstick
pine_needle,01044_pine_needle
egg_roll,00477_egg_roll
ball,00056_ball
seaplane,01238_seaplane
gyroscope,00642_gyroscope
basketball_hoop,00077_basketball_hoop
net,00938_net
trough,01531_trough
earwig,00473_earwig
squash,01356_squash
bowl,00158_bowl
moss,00906_moss
apple,00029_apple
cocktail,00329_cocktail
squeegee,01357_squeegee
road_sign,01166_road_sign
block,00129_block
wreath,01640_wreath
origami,00958_origami
clock,00316_clock
pita,01053_pita
poster,01088_poster
shower_cap,01272_shower_cap
pecan,01005_pecan
mulberry,00920_mulberry
coffin,00335_coffin
curry,00404_curry
hairpin,00648_hairpin
pomegranate,01081_pomegranate
stroller,01401_stroller
drink,00456_drink
grapevine,00617_grapevine
artichoke,00038_artichoke
iguana,00727_iguana
payphone,00998_payphone
hobbyhorse,00688_hobbyhorse
tab,01431_tab
stair,01362_stair
barbed_wire,00067_barbed_wire
kite,00772_kite
centerpiece,00261_centerpiece
cornmeal,00365_cornmeal
mixer,00895_mixer
firecracker,00520_firecracker
home_plate,00693_home_plate
screw,01231_screw
boy,00165_boy
boulder,00153_boulder
sewage,01243_sewage
swing,01423_swing
plug,01066_plug
cardinal,00245_cardinal
computer,00346_computer
leech,00802_leech
cantaloupe,00234_cantaloupe
handkerchief,00655_handkerchief
nest,00937_nest
flamethrower,00533_flamethrower
stuffing,01402_stuffing
fishhook,00528_fishhook
apron,00032_apron
clipper2,00314_clipper2
ear,00470_ear
oven,00963_oven
crank,00380_crank
rose,01183_rose
bouquet,00154_bouquet
guacamole,00630_guacamole
kazoo,00763_kazoo
palette,00973_palette
wire_cutters,01631_wire_cutters
dynamite,00469_dynamite
helmet,00683_helmet
hovercraft,00713_hovercraft
poinsettia,01071_poinsettia
revolving_door,01157_revolving_door
mold2,00898_mold2
yogurt,01649_yogurt
clothespin,00320_clothespin
applesauce,00031_applesauce
cup,00401_cup
catfish,00254_catfish
horseshoe,00704_horseshoe
sardine,01204_sardine
baseball,00074_baseball
snowball,01313_snowball
fencepost,00503_fencepost
tarantula,01447_tarantula
toolbox,01492_toolbox
straw1,01396_straw1
shower,01271_shower
earplug,00471_earplug
loveseat,00838_loveseat
hedgehog,00681_hedgehog
eraser,00488_eraser
tinsel,01480_tinsel
chip,00293_chip
leg,00804_leg
knee,00775_knee
parfait,00990_parfait
candy_cane,00228_candy_cane
gasket,00580_gasket
golf_club,00607_golf_club
lion,00824_lion
sundial,01408_sundial
hairbrush,00645_hairbrush
magnet,00847_magnet
feather,00501_feather
magnifier,00848_magnifier
jewelry,00750_jewelry
paddle,00968_paddle
toilet_paper,01489_toilet_paper
cake_mix,00211_cake_mix
pump,01109_pump
parachute,00989_parachute
coffee_pot,00333_coffee_pot
cabinet,00206_cabinet
hummus,00716_hummus
brake,00171_brake
boar,00136_boar
bobsled,00139_bobsled
whale,01610_whale
wine_cooler,01627_wine_cooler
puppy,01114_puppy
polygraph,01079_polygraph
napkin_ring,00932_napkin_ring
scorpion,01225_scorpion
teabag,01453_teabag
fig,00507_fig
microphone,00885_microphone
aloe,00014_aloe
weather_vane,01604_weather_vane
telephone_pole,01460_telephone_pole
mirror,00891_mirror
tee,01457_tee
walker2,01582_walker2
hail,00643_hail
police_car,01076_police_car
shoulder,01269_shoulder
hotplate,00711_hotplate
drain,00451_drain
breathalyzer,00176_breathalyzer
tape,01444_tape
fireplace,00521_fireplace
oyster,00966_oyster
dresser,00454_dresser
football_helmet,00554_football_helmet
sequin,01242_sequin
playpen,01064_playpen
magnifying_glass,00849_magnifying_glass
rearview_mirror,01146_rearview_mirror
stir_fry,01385_stir_fry
racehorse,01122_racehorse
spark_plug,01338_spark_plug
pearl,01004_pearl
altar,00016_altar
birdhouse,00118_birdhouse
zebra,01652_zebra
cardboard,00243_cardboard
slicer,01298_slicer
silicone,01282_silicone
ambulance,00019_ambulance
spareribs,01337_spareribs
barbell,00068_barbell
forklift,00558_forklift
gavel,00584_gavel
match,00872_match
meat_grinder,00877_meat_grinder
bow1,00155_bow1
toothbrush,01494_toothbrush
sofa_bed,01324_sofa_bed
chicken1,00283_chicken1
totem_pole,01503_totem_pole
can,00222_can
licorice,00814_licorice
ironing_board,00735_ironing_board
stalagmite,01364_stalagmite
nail_file,00929_nail_file
clipper1,00313_clipper1
comic_book,00343_comic_book
belt,00107_belt
badge,00050_badge
leek,00803_leek
mongoose,00901_mongoose
syrup,01430_syrup
camcorder,00216_camcorder
pickle,01034_pickle
plate,01061_plate
yarn,01647_yarn
lightbulb,00819_lightbulb
veil,01565_veil
leggings,00805_leggings
suspenders,01414_suspenders
firewood,00523_firewood
notepad,00945_notepad
swordfish,01428_swordfish
missile,00892_missile
ice,00720_ice
watering_can,01598_watering_can
propeller,01101_propeller
coffee_filter,00332_coffee_filter
rhubarb,01158_rhubarb
yo-yo,01648_yo-yo
grass,00618_grass
turtleneck,01548_turtleneck
tablet,01433_tablet
grill,00625_grill
girl,00595_girl
bamboo,00059_bamboo
blueberry,00134_blueberry
turf,01544_turf
hard_disk,00660_hard_disk
lawnmower,00798_lawnmower
mail,00850_mail
gun,00638_gun
bandanna,00063_bandanna
sparkler,01339_sparkler
sling,01300_sling
harness,00662_harness
compost,00345_compost
butter,00201_butter
sink,01285_sink
traffic_light,01510_traffic_light
cutting_board,00407_cutting_board
avocado,00042_avocado
nightshirt,00939_nightshirt
stem,01376_stem
star_fruit,01370_star_fruit
first-aid_kit,00525_first-aid_kit
penlight,01017_penlight
sunglasses,01410_sunglasses
juicer1,00755_juicer1
pinwheel,01049_pinwheel
toilet,01488_toilet
gourd,00609_gourd
mitten,00894_mitten
webcam,01605_webcam
boomerang,00150_boomerang
checkbook,00274_checkbook
scoop,01223_scoop
headphones,00674_headphones
sweeper,01419_sweeper
train_set,01514_train_set
boxing_gloves,00164_boxing_gloves
shell3,01257_shell3
enchilada,00485_enchilada
hash,00664_hash
scrambled_egg,01227_scrambled_egg
lip_gloss,00826_lip_gloss
viewfinder,01573_viewfinder
hyena,00719_hyena
mulch,00921_mulch
toothpaste,01495_toothpaste
scissors,01221_scissors
projector,01100_projector
gallows,00573_gallows
bucket,00187_bucket
peppermint,01021_peppermint
roof_rack,01179_roof_rack
game,00574_game
measuring_cup,00875_measuring_cup
ski_lift,01291_ski_lift
foot,00552_foot
car_seat,00240_car_seat
sarcophagus,01203_sarcophagus
eye_patch,00493_eye_patch
sock,01321_sock
bulldozer,00191_bulldozer
rocket,01170_rocket
knitting_needle,00778_knitting_needle
knife,00776_knife
siren,01286_siren
pepper_mill,01020_pepper_mill
slot_machine,01303_slot_machine
plant,01058_plant
makeup,00852_makeup
salad,01195_salad
poodle,01083_poodle
sickle,01279_sickle
bowler_hat,00159_bowler_hat
handlebar,00657_handlebar
plum,01067_plum
log,00834_log
cow,00375_cow
noisemaker,00940_noisemaker
dog,00432_dog
airbag,00008_airbag
anklet,00023_anklet
mouthpiece,00916_mouthpiece
banana_peel,00060_banana_peel
toucan,01504_toucan
cornhusk,00364_cornhusk
clarinet,00309_clarinet
berry,00109_berry
jalapeno,00740_jalapeno
stick,01380_stick
bead,00090_bead
anchor,00021_anchor
spout,01350_spout
birdcage,00117_birdcage
funnel,00569_funnel
saw,01210_saw
stove2,01392_stove2
lasagna,00792_lasagna
surfboard,01412_surfboard
sandbox,01200_sandbox
bank,00065_bank
power_line,01096_power_line
teacup,01454_teacup
lavender,00797_lavender
jet,00747_jet
scraper,01228_scraper
sweatsuit,01418_sweatsuit
footprint,00556_footprint
tuba,01536_tuba
trowel,01532_trowel
gumdrop,00637_gumdrop
prune,01102_prune
paper,00984_paper
skirt,01294_skirt
tambourine,01441_tambourine
pin,01041_pin
coil,00336_coil
playing_card,01063_playing_card
shorts,01268_shorts
otter,00959_otter
cummerbund,00400_cummerbund
donut,00442_donut
electric_chair,00483_electric_chair
catapult,00253_catapult
hippopotamus,00687_hippopotamus
sauce,01207_sauce
toga,01487_toga
test_tube,01465_test_tube
buffet,00189_buffet
lobster,00830_lobster
oil,00952_oil
landmine,00788_landmine
streetlight,01398_streetlight
chick,00282_chick
duct,00461_duct
nacho,00926_nacho
mashed_potato,00868_mashed_potato
sponge,01348_sponge
bell_pepper,00106_bell_pepper
stapler,01369_stapler
string_cheese,01400_string_cheese
cigarette,00303_cigarette
hammock,00651_hammock
rattle,01140_rattle
whipped_cream,01614_whipped_cream
mouse1,00910_mouse1
pinecone,01047_pinecone
trombone,01529_trombone
wetsuit,01609_wetsuit
fire_alarm,00517_fire_alarm
pole,01075_pole
cufflink,00399_cufflink
pom-pom,01080_pom-pom
goat,00602_goat
gravel,00621_gravel
mold1,00897_mold1
lip_balm,00825_lip_balm
mantle,00859_mantle
insole,00733_insole
eyepiece,00496_eyepiece
blower,00131_blower
anteater,00025_anteater
stamp2,01366_stamp2
cord,00358_cord
salami,01196_salami
gel,00588_gel
peanut_butter,01003_peanut_butter
speedboat,01342_speedboat
peeler,01008_peeler
aardvark,00001_aardvark
soccer_ball,01320_soccer_ball
ruby,01187_ruby
footrest,00557_footrest
velcro,01566_velcro
contact_lens,00349_contact_lens
braid,00170_braid
juice,00754_juice
celery,00257_celery
wineglass,01628_wineglass
chalk,00267_chalk
wick,01619_wick
trigger,01526_trigger
snowplow,01317_snowplow
maggot,00846_maggot
peanut,01002_peanut
door,00443_door
clay,00311_clay
wire,01630_wire
chili,00288_chili
orangutan,00956_orangutan
razor_blade,01144_razor_blade
noose,00942_noose
bikini,00111_bikini
spring_roll,01351_spring_roll
tractor,01509_tractor
ping-pong_table,01048_ping-pong_table
cotton_candy,00371_cotton_candy
goalpost,00601_goalpost
piano,01033_piano
awning,00043_awning
dryer,00458_dryer
extinguisher,00491_extinguisher
visor,01575_visor
snorkel,01311_snorkel
dip,00424_dip
tape_measure,01445_tape_measure
coyote,00376_coyote
backdrop,00046_backdrop
ladybug,00784_ladybug
couch,00372_couch
soap,01319_soap
candelabra,00224_candelabra
puffin,01106_puffin
oilcan,00953_oilcan
rice,01160_rice
costume,00369_costume
sand,01198_sand
tray,01519_tray
overalls,00964_overalls
statue,01372_statue
spinach,01346_spinach
quilt,01119_quilt
pocket_watch,01069_pocket_watch
cinnamon,00307_cinnamon
grape,00615_grape
barcode,00069_barcode
sweet_potato,01420_sweet_potato
ketchup,00766_ketchup
go-kart,00600_go-kart
bow3,00157_bow3
closet,00317_closet
pencil,01012_pencil
tapestry,01446_tapestry
baby,00045_baby
water_filter,01595_water_filter
slipper,01301_slipper
windsock,01625_windsock
bonsai,00146_bonsai
guinea_pig,00633_guinea_pig
pudding,01104_pudding
icicle,00726_icicle
fishing_pole,00529_fishing_pole
typewriter,01552_typewriter
tiger,01477_tiger
fungus,00568_fungus
corkscrew,00361_corkscrew
van,01562_van
urinal,01558_urinal
cockatoo,00327_cockatoo
chimney,00289_chimney
frame,00562_frame
lipstick,00827_lipstick
vest,01569_vest
thermostat,01468_thermostat
ant,00024_ant
loincloth,00835_loincloth
bomb,00143_bomb
shears,01250_shears
javelin,00743_javelin
soy_sauce,01332_soy_sauce
raccoon,01121_raccoon
easel,00474_easel
pill,01038_pill
armor,00036_armor
puppet,01113_puppet
matchbox,00873_matchbox
beehive,00101_beehive
bottle,00152_bottle
cassette,00252_cassette
jellyfish,00745_jellyfish
dough,00450_dough
hook2,00699_hook2
sewing_machine,01245_sewing_machine
pipe2,01051_pipe2
basket,00076_basket
wedding_cake,01606_wedding_cake
giraffe,00594_giraffe
pulpit,01108_pulpit
laser_pointer,00793_laser_pointer
locket,00833_locket
pencil_sharpener,01013_pencil_sharpener
ginger,00592_ginger
maple_syrup,00861_maple_syrup
baton2,00085_baton2
taxi,01451_taxi
pincushion,01043_pincushion
dandelion,00410_dandelion
glasses,00597_glasses
space_shuttle,01333_space_shuttle
gearshift,00587_gearshift
stretcher,01399_stretcher
gem,00589_gem
monkey,00902_monkey
cracker,00377_cracker
bandage,00062_bandage
sword,01427_sword
crystal1,00394_crystal1
latte,00795_latte
sail,01194_sail
crown,00391_crown
column,00340_column
chess_piece,00279_chess_piece
eyeliner,00495_eyeliner
undershirt,01555_undershirt
chinchilla,00292_chinchilla
hat,00665_hat
groundhog,00629_groundhog
plunger,01068_plunger
vial,01570_vial
latch,00794_latch
daisy,00409_daisy
brick,00177_brick
hydrant,00718_hydrant
snow,01312_snow
photo_booth,01031_photo_booth
mint,00890_mint
comb,00341_comb
baklava,00055_baklava
elbow,00482_elbow
oatmeal,00949_oatmeal
telegraph,01459_telegraph
book,00147_book
bubble_wrap,00186_bubble_wrap
keyboard,00768_keyboard
rag,01130_rag
pastry,00995_pastry
motorcycle,00909_motorcycle
needle,00936_needle
headlight,00673_headlight
crayon,00383_crayon
harmonica,00661_harmonica
springboard,01352_springboard
radio,01128_radio
coaster,00325_coaster
photograph,01032_photograph
raft,01129_raft
denture,00416_denture
accordion,00003_accordion
palm_tree,00975_palm_tree
candy_bar,00227_candy_bar
computer_screen,00347_computer_screen
rolling_pin,01178_rolling_pin
hamster,00652_hamster
ski_pole,01292_ski_pole
shopping_cart,01266_shopping_cart
parsley,00993_parsley
mat,00871_mat
ship,01259_ship
backgammon,00047_backgammon
mandolin,00855_mandolin
roller_coaster,01175_roller_coaster
arm,00035_arm
jump_rope,00757_jump_rope
box,00162_box
lock,00831_lock
shell1,01255_shell1
chocolate,00298_chocolate
snack,01308_snack
strap,01395_strap
hearse,00678_hearse
life_jacket,00816_life_jacket
tile,01478_tile
wrist,01643_wrist
slug,01305_slug
engine,00486_engine
cookie_cutter,00352_cookie_cutter
man,00854_man
seahorse,01236_seahorse
robe,01168_robe
curtain,00405_curtain
clove,00322_clove
wax_paper,01602_wax_paper
goggles,00604_goggles
washboard,01588_washboard
diamond,00421_diamond
machine_gun,00845_machine_gun
amber,00018_amber
lava,00796_lava
sunroof,01411_sunroof
tweezers,01550_tweezers
smoothie,01307_smoothie
rocking_chair,01171_rocking_chair
desk,00418_desk
cigarette_holder,00305_cigarette_holder
guillotine,00632_guillotine
turnstile,01545_turnstile
graffiti,00610_graffiti
phone_booth,01030_phone_booth
blender,00124_blender
fast_food,00499_fast_food
flask,00537_flask
finger,00514_finger
tea,01452_tea
bathrobe,00082_bathrobe
film,00512_film
gong,00608_gong
furnace,00571_furnace
deodorant,00417_deodorant
milk,00888_milk
cane,00229_cane
donkey,00441_donkey
duck,00459_duck
macaroni,00843_macaroni
bib,00110_bib
fly,00546_fly
cymbal,00408_cymbal
bassinet,00078_bassinet
charger,00272_charger
potpourri,01094_potpourri
cage,00209_cage
pothole,01092_pothole
wand,01586_wand
filter,00513_filter
file2,00510_file2
blind,00126_blind
quad,01115_quad
doormat,00448_doormat
granite,00613_granite
coop,00355_coop
knitting,00777_knitting
keyhole,00769_keyhole
sauerkraut,01209_sauerkraut
workbench,01636_workbench
barrette,00073_barrette
ink,00731_ink
hookah,00700_hookah
pig,01036_pig
cheesecake,00277_cheesecake
pedometer,01007_pedometer
canister,00230_canister
scalpel,01216_scalpel
red_carpet,01150_red_carpet
jar,00742_jar
owl,00965_owl
coral,00357_coral
arrow,00037_arrow
platypus,01062_platypus
bathmat,00081_bathmat
polisher,01077_polisher
paper_towel,00987_paper_towel
videocassette,01571_videocassette
backpack,00048_backpack
wheel,01611_wheel
crystal2,00395_crystal2
pistachio,01052_pistachio
bolo_tie,00140_bolo_tie
jackhammer,00739_jackhammer
coal,00324_coal
reindeer,01153_reindeer
blinder,00127_blinder
torso,01499_torso
carriage,00247_carriage
card,00242_card
mustard,00925_mustard
machete,00844_machete
mousetrap,00913_mousetrap
pineapple,01046_pineapple
dumpling,00465_dumpling
gingerbread_man,00593_gingerbread_man
penholder,01016_penholder
doghouse,00434_doghouse
chair,00265_chair
pendulum,01014_pendulum
scone,01222_scone
saxophone,01212_saxophone
bagel,00053_bagel
mattress,00874_mattress
hearing_aid,00677_hearing_aid
microscope,00886_microscope
tamale,01440_tamale
gear,00586_gear
football,00553_football
banana_split,00061_banana_split
bowtie,00161_bowtie
microwave,00887_microwave
hole,00691_hole
painting,00972_painting
ski,01289_ski
cabbage,00205_cabbage
panties,00979_panties
motherboard,00908_motherboard
roller,01174_roller
wagon,01580_wagon
saltshaker,01197_saltshaker
kiwi,00774_kiwi
cockroach,00328_cockroach
bat2,00080_bat2
flower,00544_flower
shield,01258_shield
phone,01029_phone
banner,00066_banner
stilt,01383_stilt
skewer,01288_skewer
bulletin_board,00192_bulletin_board
wheelbarrow,01612_wheelbarrow
radiator,01127_radiator
slot,01302_slot
hubcap,00714_hubcap
radar,01126_radar
turntable,01546_turntable
fishnet_stockings,00530_fishnet_stockings
cilantro,00306_cilantro
squirrel,01359_squirrel
bison,00120_bison
cement_mixer,00260_cement_mixer
racket,01125_racket
ticktacktoe,01475_ticktacktoe
butterfly,00202_butterfly
dollhouse,00437_dollhouse
fountain_pen,00560_fountain_pen
lemon,00807_lemon
mop,00904_mop
tennis_ball,01462_tennis_ball
album,00011_album
flip_flop,00539_flip_flop
bracket,00169_bracket
candy,00226_candy
walker1,01581_walker1
starfish,01371_starfish
noodle,00941_noodle
periscope,01024_periscope
meat,00876_meat
warthog,01587_warthog
macadamia,00842_macadamia
trashcan,01518_trashcan
root,01180_root
shovel,01270_shovel
bean,00092_bean
printer,01098_printer
rocking_horse,01172_rocking_horse
handprint,00658_handprint
hand,00653_hand
air_mattress,00006_air_mattress
cellphone,00259_cellphone
lamppost,00787_lamppost
vase,01563_vase
tag,01439_tag
chipmunk,00294_chipmunk
leash,00800_leash
pine_tree,01045_pine_tree
cloud,00321_cloud
bin,00112_bin
moth,00907_moth
place_mat,01057_place_mat
truck,01533_truck
cot,00370_cot
key,00767_key
hairdryer,00646_hairdryer
cuckoo_clock,00397_cuckoo_clock
thimble,01469_thimble
ham,00650_ham
shopping_basket,01265_shopping_basket
fence,00502_fence
highlighter,00684_highlighter
zucchini,01654_zucchini
wasp,01591_wasp
fire_pit,00519_fire_pit
telescope,01461_telescope
honeypot,00696_honeypot
moccasin,00896_moccasin
cookie_sheet,00353_cookie_sheet
scaffolding,01214_scaffolding
crucifix,00392_crucifix
biscuit,00119_biscuit
throne,01472_throne
tattoo,01450_tattoo
washing_machine,01590_washing_machine
fur_coat,00570_fur_coat
can_opener,00223_can_opener
bus,00200_bus
file1,00509_file1
rollerblade,01176_rollerblade
sandbag,01199_sandbag
corkboard,00360_corkboard
beanbag,00093_beanbag
bow2,00156_bow2
goblet,00603_goblet
cauliflower,00255_cauliflower
footbath,00555_footbath
flyswatter,00548_flyswatter
tank2,01443_tank2
horn,00702_horn
stool,01389_stool
gauze,00583_gauze
scarecrow,01218_scarecrow
shoelace,01264_shoelace
manhole,00857_manhole
joystick,00752_joystick
rosary,01182_rosary
dice,00423_dice
uniform,01557_uniform
jersey,00746_jersey
lamp,00786_lamp
headset,00676_headset
straightjacket,01393_straightjacket
rabbit,01120_rabbit
tricycle,01524_tricycle
wooden_leg,01635_wooden_leg
ravioli,01142_ravioli
ukulele,01553_ukulele
honeycomb,00695_honeycomb
necklace,00935_necklace
snowman,01315_snowman
pancake,00977_pancake
dolphin,00439_dolphin
water_heater,01597_water_heater
cushion,00406_cushion
screen1,01229_screen1
pan,00976_pan
squirt_gun,01360_squirt_gun
bookshelf,00149_bookshelf
sheep,01252_sheep
trap,01516_trap
nut,00946_nut
sandwich,01202_sandwich
splinter,01347_splinter
roadsweeper,01167_roadsweeper
kale,00759_kale
grinder,00627_grinder
perfume,01023_perfume
garbage,00575_garbage
toothpick,01496_toothpick
hot_tub,00709_hot_tub
speedometer,01343_speedometer
peg,01009_peg
weasel,01603_weasel
rust,01190_rust
beachball,00089_beachball
sugar_cube,01405_sugar_cube
vending_machine,01567_vending_machine
calf1,00213_calf1
bologna,00141_bologna
lunchbox,00841_lunchbox
charcoal,00271_charcoal
brownie,00182_brownie
cactus,00208_cactus
mullet,00922_mullet
caramel,00241_caramel
worm,01637_worm
bookmark,00148_bookmark
sundae,01407_sundae
cello,00258_cello
subway,01404_subway
potato,01090_potato
handle,00656_handle
pasta,00994_pasta
tugboat,01537_tugboat
juicer2,00756_juicer2
fruitcake,00566_fruitcake
exhaust_pipe,00490_exhaust_pipe
blowgun,00133_blowgun
arugula,00039_arugula
window,01622_window
stained_glass,01361_stained_glass
polaroid,01074_polaroid
trolley,01528_trolley
speaker,01340_speaker
prism,01099_prism
binder,00113_binder
lamb_chop,00785_lamb_chop
banjo,00064_banjo
foam,00549_foam
paperclip,00988_paperclip
squid,01358_squid
bulletproof_vest,00193_bulletproof_vest
steering_wheel,01375_steering_wheel
scoreboard,01224_scoreboard
syringe,01429_syringe
candle,00225_candle
vent,01568_vent
chessboard,00280_chessboard
bubble,00185_bubble
grate,00619_grate
sandcastle,01201_sandcastle
fondue,00550_fondue
umbrella,01554_umbrella
stew,01379_stew
casserole,00251_casserole
metronome,00884_metronome
refrigerator,01152_refrigerator
rack2,01124_rack2
dumpster,00466_dumpster
taco,01436_taco
pepperoni,01022_pepperoni
broom,00181_broom
bolt,00142_bolt
petri_dish,01028_petri_dish
wall,01583_wall
hatbox,00666_hatbox
lantern,00789_lantern
mud,00917_mud
dartboard,00412_dartboard
baseball_glove,00075_baseball_glove
shutter,01278_shutter
gramophone,00612_gramophone
snowboard,01314_snowboard
seatbelt,01239_seatbelt
toad,01482_toad
water_bottle,01593_water_bottle
thermometer,01466_thermometer
swizzle_stick,01426_swizzle_stick
shaker,01246_shaker
snake,01310_snake
chinaware,00291_chinaware
humvee,00717_humvee
acorn,00004_acorn
sawhorse,01211_sawhorse
pet_food,01026_pet_food
flatiron,00538_flatiron
sticker,01381_sticker
doorknocker,00447_doorknocker
sorbet,01329_sorbet
recliner,01147_recliner
exerciser,00489_exerciser
christmas_tree,00300_christmas_tree
blouse,00130_blouse
trumpet,01534_trumpet
trapdoor,01517_trapdoor
torch,01497_torch
lemonade,00808_lemonade
honey,00694_honey
towel_rack,01507_towel_rack
taffy,01438_taffy
letter_opener,00812_letter_opener
bed,00097_bed
bark,00070_bark
anvil,00027_anvil
water_cooler,01594_water_cooler
ottoman,00960_ottoman
duct_tape,00462_duct_tape
glass,00596_glass
deer,00414_deer
brussels_sprouts,00184_brussels_sprouts
boa,00135_boa
pen,01011_pen
sim_card,01284_sim_card
jumpsuit,00758_jumpsuit
flypaper,00547_flypaper
teepee,01458_teepee
coat_rack,00326_coat_rack
soda,01322_soda
bungee,00195_bungee
stump,01403_stump
tomato,01490_tomato
touchpad,01505_touchpad
spaghetti,01335_spaghetti
windowsill,01623_windowsill
organ,00957_organ
container,00350_container
cannon,00231_cannon
generator,00590_generator
pillow,01040_pillow
eyedropper,00494_eyedropper
rock,01169_rock
dish,00426_dish
petal,01027_petal
ankle,00022_ankle
jacket,00738_jacket
stockings,01387_stockings
jam,00741_jam
watermelon,01599_watermelon
nutcracker,00947_nutcracker
carrot,00248_carrot
cooker,00351_cooker
cork,00359_cork
boot,00151_boot
pliers,01065_pliers
bag,00052_bag
mannequin,00858_mannequin
doorstop,00449_doorstop
teapot,01455_teapot
stingray,01384_stingray
toaster,01484_toaster
burrito,00199_burrito
pitchfork,01055_pitchfork
luggage,00839_luggage
ferret,00505_ferret
meatball,00878_meatball
reel,01151_reel
muffin,00918_muffin
collar,00339_collar
watch,01592_watch
food_processor,00551_food_processor
cap,00236_cap
kimono,00771_kimono
peach,01000_peach
scale,01215_scale
curling_iron,00403_curling_iron
frog,00565_frog
headdress,00671_headdress
llama,00829_llama
soda_fountain,01323_soda_fountain
wine_bottle,01626_wine_bottle
drill,00455_drill
incubator,00729_incubator
pesto,01025_pesto
lab_coat,00782_lab_coat
brass_knuckles,00173_brass_knuckles
ramp,01137_ramp
crane,00379_crane
nail_clippers,00928_nail_clippers
dishwasher,00428_dishwasher
swab,01415_swab
rickshaw,01161_rickshaw
eggshell,00481_eggshell
grater,00620_grater
breakfast,00175_breakfast
swimming_pool,01421_swimming_pool
calzone,00215_calzone
centrifuge,00262_centrifuge
wrap,01638_wrap
bathtub,00083_bathtub
navel,00933_navel
guitar,00634_guitar
confetti,00348_confetti
beetle,00104_beetle
baton3,00086_baton3
steamroller,01374_steamroller
fire_hydrant,00518_fire_hydrant
leaf,00799_leaf
bracelet1,00167_bracelet1
canoe,00233_canoe
blowfish,00132_blowfish
map,00860_map
chest1,00281_chest1
windshield_wiper,01624_windshield_wiper
birdbath,00116_birdbath
inkwell,00732_inkwell
tank1,01442_tank1
solar_panel,01325_solar_panel
wreck,01641_wreck
trophy,01530_trophy
cardigan,00244_cardigan
icepick,00724_icepick
seafood,01235_seafood
holster,00692_holster
sprinkler,01353_sprinkler
whip,01613_whip
pepper2,01019_pepper2
turtle,01547_turtle
ladder,00783_ladder
outlet,00962_outlet
tuning_fork,01540_tuning_fork
rake,01135_rake
tent,01463_tent
pogo_stick,01070_pogo_stick
curb,00402_curb
sidecar,01280_sidecar
eggplant,00480_eggplant
chisel,00296_chisel
chute,00301_chute
poppy,01085_poppy
glue,00599_glue
cash_register,00250_cash_register
cable,00207_cable
toast,01483_toast
pizza,01056_pizza
helicopter,00682_helicopter
megaphone,00881_megaphone
license_plate,00813_license_plate
rattlesnake,01141_rattlesnake
spur,01355_spur
screwdriver,01232_screwdriver
tiramisu,01481_tiramisu
cornucopia,00366_cornucopia
wedge,01607_wedge
remote_control,01154_remote_control
skull,01295_skull
doorbell,00444_doorbell
jack,00737_jack
camera_lens,00220_camera_lens
tumbleweed,01539_tumbleweed
gumball,00636_gumball
corset,00368_corset
mousepad,00912_mousepad
shelf,01254_shelf
clipboard,00312_clipboard
clover,00323_clover
chive,00297_chive
tablecloth,01432_tablecloth
stamp1,01365_stamp1
lighter,00820_lighter
board,00137_board
blindfold,00128_blindfold
bazooka,00088_bazooka
abacus,00002_abacus
strainer,01394_strainer
sombrero,01327_sombrero
screen2,01230_screen2
thumbtack,01474_thumbtack
dart,00411_dart
scarf,01219_scarf
pacifier,00967_pacifier
shoehorn,01263_shoehorn
milkshake,00889_milkshake
parking_meter,00991_parking_meter
stove1,01391_stove1
slime,01299_slime
satellite,01205_satellite
defibrillator,00415_defibrillator
coleslaw,00338_coleslaw
pinball,01042_pinball
whoopee_cushion,01618_whoopee_cushion
piecrust,01035_piecrust
dustpan,00468_dustpan
raisin,01134_raisin
mallet,00853_mallet
dumbbell,00463_dumbbell
memory_stick,00883_memory_stick
earring,00472_earring
wig,01620_wig
vacuum,01560_vacuum
heater,00679_heater
jewel,00749_jewel
hanger,00659_hanger
wrench,01642_wrench
ram,01136_ram
hot_chocolate,00708_hot_chocolate
lens,00809_lens
mask,00869_mask
marshmallow,00866_marshmallow
triangle,01523_triangle
arch,00034_arch
beanie,00094_beanie
champagne,00269_champagne
stopwatch,01390_stopwatch
medal,00879_medal
gravy,00623_gravy
mango,00856_mango
straw2,01397_straw2
camel,00217_camel
papaya,00983_papaya
polar_bear,01073_polar_bear
quesadilla,01116_quesadilla
thread,01471_thread
iceskate,00725_iceskate
pelican,01010_pelican
iron,00734_iron
eggbeater,00478_eggbeater
doily,00435_doily
quill,01118_quill
appetizer,00028_appetizer
ruler,01189_ruler
crowbar,00390_crowbar
yolk,01651_yolk
cucumber,00398_cucumber
hawk,00668_hawk
headband,00670_headband
pool_table,01084_pool_table
buoy,00197_buoy
air_pump,00007_air_pump
shrimp,01276_shrimp
spear,01341_spear
tulip,01538_tulip
tortellini,01500_tortellini
wax,01601_wax
garter,00578_garter
button2,00204_button2
padlock,00969_padlock
patty,00997_patty
corn,00362_corn
chin,00290_chin
detonator,00419_detonator
saffron,01193_saffron
swan,01416_swan
dial,00420_dial
walrus,01585_walrus
penguin,01015_penguin
cannonball,00232_cannonball
bear,00095_bear
scaffold,01213_scaffold
fuse,00572_fuse
trident,01525_trident
showerhead,01274_showerhead
cherry,00278_cherry
shuffleboard,01277_shuffleboard
shirt,01260_shirt
car_door,00239_car_door
globe,00598_globe
cougar,00373_cougar
fishbowl,00527_fishbowl
compass,00344_compass
poker,01072_poker
almond,00013_almond
hockey_stick,00689_hockey_stick
spacesuit,01334_spacesuit
rat,01138_rat
outfit,00961_outfit
fossil,00559_fossil
puddle,01105_puddle
gravestone,00622_gravestone
lizard,00828_lizard
suitcase,01406_suitcase
rain_gauge,01132_rain_gauge
valve,01561_valve
whistle,01616_whistle
handcuff,00654_handcuff
smoke_alarm,01306_smoke_alarm
turbine,01543_turbine
counter,00374_counter
pony,01082_pony
cream,00384_cream
paper_plate,00986_paper_plate
ski_boots,01290_ski_boots
scrabble,01226_scrabble
frisbee,00564_frisbee
alpaca,00015_alpaca
railing,01131_railing
chihuahua,00287_chihuahua
fern,00504_fern
aquarium,00033_aquarium
toaster_oven,01485_toaster_oven
tongue,01491_tongue
gazelle,00585_gazelle
trunk,01535_trunk
beer,00102_beer
board_game,00138_board_game
spam,01336_spam
cooler,00354_cooler
airplane,00010_airplane
boxer_shorts,00163_boxer_shorts
lid,00815_lid
chalice,00266_chalice
ballot_box,00058_ballot_box
router,01185_router
kitten,00773_kitten
stake,01363_stake
grille,00626_grille
lanyard,00790_lanyard
mug,00919_mug
gurney,00639_gurney
shark,01247_shark
icemaker,00723_icemaker
seal,01237_seal
nail,00927_nail
wood,01634_wood
riser,01165_riser
coin,00337_coin
revolver,01156_revolver
hip,00686_hip
bongo,00145_bongo
staple_gun,01368_staple_gun
camper,00221_camper
air_conditioner,00005_air_conditioner
toe,01486_toe
washcloth,01589_washcloth
scanner,01217_scanner
oar,00948_oar
melon,00882_melon
sonogram,01328_sonogram
stiletto,01382_stiletto
rollerskate,01177_rollerskate
granola,00614_granola
powder,01095_powder
thermos,01467_thermos
trailer,01511_trailer
swimsuit,01422_swimsuit
hula_hoop,00715_hula_hoop
switch,01425_switch
floss,00542_floss
tree_trunk,01522_tree_trunk
mouse2,00911_mouse2
lego,00806_lego
cigar,00302_cigar
duckling,00460_duckling
horse,00703_horse
inhaler,00730_inhaler
urn,01559_urn
asparagus,00041_asparagus
flagpole,00532_flagpole
sheet,01253_sheet
bra,00166_bra
pillbox,01039_pillbox
ratchet,01139_ratchet
snowsuit,01318_snowsuit
bracelet2,00168_bracelet2
train,01512_train
bat1,00079_bat1
moose,00903_moose
cloak,00315_cloak
copier,00356_copier
aluminum_foil,00017_aluminum_foil
gum,00635_gum
mistletoe,00893_mistletoe
green_beans,00624_green_beans
bagpipe,00054_bagpipe
pantsuit,00981_pantsuit
briefcase,00178_briefcase
dumbwaiter,00464_dumbwaiter
hose,00705_hose
soup,01331_soup
hair,00644_hair
cocoon,00330_cocoon
porcupine,01086_porcupine
woman,01633_woman
bedpan,00098_bedpan
yoke,01650_yoke
jeans,00744_jeans
yacht,01645_yacht
shredder,01275_shredder
buckle,00188_buckle
knob,00779_knob
crate,00381_crate
crossbow,00388_crossbow
bowling_ball,00160_bowling_ball
potholder,01091_potholder
beard,00096_beard
seismograph,01241_seismograph
jug,00753_jug
seesaw,01240_seesaw
pallet,00974_pallet
mosquito_net,00905_mosquito_net
clasp,00310_clasp
soldering_iron,01326_soldering_iron
train_car,01513_train_car
cheeseburger,00276_cheeseburger
gargoyle,00577_gargoyle
sunflower,01409_sunflower
fudge,00567_fudge
ferris_wheel,00506_ferris_wheel
diskette,00430_diskette
credit_card,00386_credit_card
dashboard,00413_dashboard
target,01448_target
blanket,00122_blanket
pulley,01107_pulley
fingerprint,00515_fingerprint
plastic_film,01060_plastic_film
grits,00628_grits
broccoli,00179_broccoli
whisk,01615_whisk
candlestick,00030_candlestick
tube_top,00189_tube_top
baseball_bat,00006_baseball_bat
seaweed,00162_seaweed
aircraft_carrier,00001_aircraft_carrier
ice_pack,00099_ice_pack
bullet,00026_bullet
folder,00077_folder
caterpillar,00034_caterpillar
antelope,00002_antelope
pocketknife,00139_pocketknife
purse,00146_purse
snowshoe,00169_snowshoe
gorilla,00088_gorilla
okra,00122_okra
elephant,00072_elephant
seed,00163_seed
hamburger,00091_hamburger
eagle,00069_eagle
pocket,00138_pocket
lettuce,00109_lettuce
fruit,00081_fruit
cleat,00043_cleat
vise,00192_vise
brace,00021_brace
flamingo,00076_flamingo
popcorn,00140_popcorn
wallpaper,00194_wallpaper
tool,00186_tool
grasshopper,00089_grasshopper
coffeemaker,00049_coffeemaker
stethoscope,00173_stethoscope
rhinoceros,00150_rhinoceros
panther,00129_panther
wine,00199_wine
submarine,00175_submarine
cleaver,00044_cleaver
hummingbird,00097_hummingbird
bug,00024_bug
walnut,00195_walnut
ice_cube,00098_ice_cube
wheelchair,00197_wheelchair
lamb,00106_lamb
pajamas,00128_pajamas
nightstand,00121_nightstand
tick,00183_tick
t-shirt,00177_t-shirt
suit,00176_suit
metal_detector,00114_metal_detector
headscarf,00094_headscarf
french_horn,00080_french_horn
cobra,00046_cobra
crumb,00060_crumb
freezer,00079_freezer
muff,00118_muff
face_mask,00074_face_mask
manatee,00111_manatee
sailboat,00154_sailboat
cashew,00032_cashew
pheasant,00133_pheasant
lightning_bug,00110_lightning_bug
basketball,00008_basketball
bench,00013_bench
wok,00200_wok
hoodie,00096_hoodie
coverall,00052_coverall
crepe,00055_crepe
sausage,00157_sausage
rooster,00152_rooster
dreidel,00066_dreidel
ladle,00105_ladle
sandal,00155_sandal
skateboard,00164_skateboard
kneepad,00104_kneepad
cookie,00050_cookie
espresso,00073_espresso
pug,00144_pug
pear,00131_pear
meatloaf,00113_meatloaf
lampshade,00107_lampshade
orange,00125_orange
windshield,00198_windshield
punch2,00145_punch2
music_box,00119_music_box
sandpaper,00156_sandpaper
cart,00031_cart
rug,00153_rug
grenade,00090_grenade
backscratcher,00003_backscratcher
pretzel,00143_pretzel
sleeping_bag,00166_sleeping_bag
tape_recorder,00180_tape_recorder
buggy,00025_buggy
jukebox,00102_jukebox
creme_brulee,00054_creme_brulee
kettle,00103_kettle
chopsticks,00042_chopsticks
turkey,00190_turkey
bonnet,00019_bonnet
crow,00058_crow
minivan,00115_minivan
gopher,00087_gopher
beaver,00012_beaver
pie,00135_pie
fork,00078_fork
seagull,00161_seagull
pepper1,00132_pepper1
bush,00028_bush
popsicle,00141_popsicle
marijuana,00112_marijuana
eel,00070_eel
recorder,00149_recorder
cupcake,00061_cupcake
cheese,00038_cheese
sled,00165_sled
mosquito,00117_mosquito
tongs,00185_tongs
bun,00027_bun
duffel_bag,00068_duffel_bag
omelet,00123_omelet
cordon_bleu,00051_cordon_bleu
croissant,00057_croissant
bread,00022_bread
bike,00014_bike
bottle_opener,00020_bottle_opener
ostrich,00127_ostrich
chime,00041_chime
crib,00056_crib
blowtorch,00016_blowtorch
top_hat,00187_top_hat
paperweight,00130_paperweight
unicycle,00191_unicycle
handbrake,00093_handbrake
scooter,00160_scooter
piglet,00137_piglet
station_wagon,00172_station_wagon
spoon,00171_spoon
gondola,00085_gondola
modem,00116_modem
slide,00167_slide
banana,00005_banana
dessert,00064_dessert
treadmill,00188_treadmill
taillight,00179_taillight
cat,00033_cat
bassoon,00009_bassoon
tomato_sauce,00184_tomato_sauce
table,00178_table
highchair,00095_highchair
coat,00045_coat
laundry_basket,00108_laundry_basket
dagger,00062_dagger
balance_beam,00004_balance_beam
spatula,00170_spatula
raspberry,00148_raspberry
garlic,00082_garlic
calamari,00029_calamari
crab,00053_crab
batter,00011_batter
jeep,00100_jeep
boat,00017_boat
dragonfly,00065_dragonfly
egg,00071_egg
basil,00007_basil
cruise_ship,00059_cruise_ship
television,00181_television
drum,00067_drum
radish,00147_radish
pickax,00134_pickax
coconut,00047_coconut
jelly_bean,00101_jelly_bean
tiara,00182_tiara
mussel,00120_mussel
cheetah,00039_cheetah
coffee_bean,00048_coffee_bean
golf_cart,00084_golf_cart
orchid,00126_orchid
chaps,00037_chaps
cd_player,00035_cd_player
pigeon,00136_pigeon
wheat,00196_wheat
onion,00124_onion
chain,00036_chain
scallop,00159_scallop
baton4,00010_baton4
strawberry,00174_strawberry
hammer,00092_hammer
possum,00142_possum
chest2,00040_chest2
bok_choy,00018_bok_choy
glove,00083_glove
ferry,00075_ferry
dalmatian,00063_dalmatian
robot,00151_robot
goose,00086_goose
slingshot,00168_slingshot
scallion,00158_scallion
birthday_cake,00015_birthday_cake
volleyball,00193_volleyball
breadbox,00023_breadbox
